EWD28.html	en
EWD32.html	en
EWD35.html	nl
EWD37.html	en
EWD41.html	nl
EWD51.html	nl
EWD54.html	nl
EWD57.html	nl
EWD62.html	nl
EWD65.html	nl
EWD68.html	en
EWD69.html	nl
EWD70.html	nl
EWD71.html	nl
EWD72.html	nl
EWD74.html	nl
EWD75.html	nl
EWD77.html	nl
EWD82.html	nl
EWD84.html	nl
EWD86.html	nl
EWD89.html	nl
EWD91.html	nl
EWD96.html	en
EWD101.html	en
EWD102.html	en
EWD105.html	en
EWD108.html	nl
EWD111.html	nl
EWD112.html	nl
EWD113.html	en
EWD116.html	nl
EWD117.html	en
EWD118.html	nl
EWD123-2.html	en
EWD123.html	en
EWD126.html	en
EWD130.html	en
EWD131.html	nl
EWD132.html	en
EWD137.html	nl
EWD139.html	nl
EWD140.html	nl
EWD145.html	nl
EWD147.html	en
EWD149.html	nl
EWD150.html	nl
EWD155.html	en
EWD157.html	nl
EWD158.html	nl
EWD161.html	nl
EWD163.html	nl
EWD164.html	nl
EWD167.html	nl
EWD184.html	nl
EWD188.html	nl
EWD190.html	nl
EWD191.html	nl
EWD194.html	nl
EWD196.html	en
EWD198.html	en
EWD200.html	en
EWD201.html	en
EWD206.html	en
EWD209.html	en
EWD209A.html	en
EWD214.html	nl
EWD215.html	en
EWD221.html	en
EWD222.html	nl
EWD224.html	nl
EWD227.html	en
EWD229.html	en
EWD230.html	en
EWD231.html	nl
EWD232.html	nl
EWD235.html	nl
EWD236.html	en
EWD237.html	en
EWD238.html	en
EWD239.html	en
EWD240.html	en
EWD241.html	en
EWD243.html	nl
EWD244.html	nl
EWD245.html	en
EWD246.html	nl
EWD247.html	en
EWD247a.html	nl
EWD251.html	en
EWD252.html	en
EWD252a.html	nl
EWD253.html	nl
EWD253a.html	nl
EWD254.html	nl
EWD254a.html	nl
EWD255.html	nl
EWD257.html	nl
EWD259.html	nl
EWD260.html	en
EWD261.html	nl
EWD264.html	en
EWD267.html	nl
EWD268.html	en
EWD270.html	nl
EWD272.html	nl
EWD273.html	en
EWD275.html	en
EWD278.html	nl
EWD279.html	en
EWD281.html	nl
EWD282.html	en
EWD286.html	nl
EWD287.html	en
EWD288.html	en
EWD288a.html	nl
EWD292.html	en
EWD295.html	nl
EWD298.html	nl
EWD300.html	nl
EWD301.html	nl
EWD302.html	en
EWD303.html	en
EWD306.html	nl
EWD307.html	nl
EWD308.html	nl
EWD309.html	nl
EWD310.html	en
EWD310note.html	en
EWD311.html	en
EWD312.html	nl
EWD316.10.html	en
EWD316.2.html	en
EWD316.3.html	en
EWD316.4.html	en
EWD316.5.html	en
EWD316.6.html	en
EWD316.7.html	en
EWD316.8.html	en
EWD316.9.html	en
EWD316.html	en
EWD316a.html	nl
EWD317.html	en
EWD319.html	en
EWD325.html	nl
EWD330.html	en
EWD338.html	en
EWD340.html	en
EWD341.html	nl
EWD343.html	nl
EWD345.html	nl
EWD348.html	nl
EWD349.html	nl
EWD351.html	nl
EWD353.html	nl
EWD356.html	en
EWD361.html	en
EWD362.html	nl
EWD363.html	nl
EWD364.html	nl
EWD365.html	en
EWD366.html	nl
EWD368.html	nl
EWD374.html	en
EWD375.html	en
EWD376.html	en
EWD379.html	en
EWD384.html	nl
EWD385.html	en
EWD386.html	en
EWD387.html	en
EWD389.html	en
EWD391.html	en
EWD392.html	en
EWD393.html	en
EWD395.html	en
EWD396.html	en
EWD397.html	en
EWD398.html	en
EWD399.html	en
EWD401.html	en
EWD404.html	en
EWD406.html	en
EWD407.html	en
EWD408.html	en
EWD413.html	en
EWD415.html	en
EWD416.html	en
EWD417.html	en
EWD418.html	en
EWD420.html	en
EWD423.html	en
EWD425.html	en
EWD426.html	en
EWD427.html	en
EWD428.html	en
EWD429.html	en
EWD432.html	en
EWD435.html	en
EWD439.html	en
EWD440.html	en
EWD442.html	en
EWD443.html	en
EWD447.html	en
EWD448.html	en
EWD449.html	nl
EWD450.html	en
EWD451.html	nl
EWD452.html	en
EWD453.html	en
EWD454.html	en
EWD456.html	en
EWD458.html	en
EWD459.html	en
EWD462.html	en
EWD463.html	en
EWD464.html	en
EWD465.html	en
EWD466.html	en
EWD469.html	en
EWD470.html	en
EWD471.html	nl
EWD472.html	en
EWD473.html	en
EWD474.html	en
EWD475.html	en
EWD476.html	en
EWD477.html	nl
EWD478.html	en
EWD479.html	nl
EWD480.html	en
EWD481.html	nl
EWD482.html	en
EWD483.html	nl
EWD484.html	en
EWD485.html	en
EWD486.html	nl
EWD487.html	en
EWD489.html	nl
EWD492.html	en
EWD493.html	nl
EWD494.html	en
EWD494a.html	nl
EWD495.html	nl
EWD496A.html	en
EWD496B.html	en
EWD497.html	en
EWD498.html	en
EWD499.html	nl
EWD500.html	en
EWD501.html	en
EWD502.html	en
EWD503.html	en
EWD504.html	en
EWD506.html	en
EWD507.html	en
EWD508.html	en
EWD509.html	nl
EWD511.html	en
EWD512.html	en
EWD513.html	en
EWD514.html	en
EWD515.html	nl
EWD516.html	nl
EWD518.html	nl
EWD520.html	en
EWD521.html	nl
EWD522.html	nl
EWD523.html	nl
EWD524.html	en
EWD525.html	en
EWD526.html	en
EWD527.html	en
EWD528.html	en
EWD529.html	nl
EWD530.html	en
EWD531.html	nl
EWD532.html	en
EWD533.html	en
EWD534.html	nl
EWD535.html	en
EWD536.html	en
EWD537.html	nl
EWD538.html	en
EWD539.html	en
EWD540.html	en
EWD541.html	nl
EWD542.html	nl
EWD543.html	nl
EWD544.html	en
EWD547.html	en
EWD548.html	nl
EWD549.html	nl
EWD550.html	en
EWD551.html	nl
EWD552.html	nl
EWD553.html	en
EWD554.html	en
EWD555.html	nl
EWD556.html	nl
EWD557.html	nl
EWD558.html	nl
EWD559.html	nl
EWD560.html	nl
EWD561.html	en
EWD562.html	en
EWD563.html	en
EWD564.html	en
EWD564a.html	nl
EWD565.html	nl
EWD566.html	en
EWD567.html	nl
EWD568.html	en
EWD569.html	nl
EWD570.html	en
EWD571.html	en
EWD572.html	en
EWD573.html	en
EWD574.html	en
EWD575.html	en
EWD576.html	en
EWD577.html	en
EWD578.html	en
EWD580.html	nl
EWD581.html	en
EWD582.html	en
EWD583.html	nl
EWD584.html	en
EWD585.html	en
EWD586.html	nl
EWD587.html	nl
EWD588.html	nl
EWD589.html	nl
EWD590.html	en
EWD591.html	en
EWD592.html	en
EWD593.html	nl
EWD594.html	en
EWD595.html	en
EWD596a.html	en
EWD597.html	en
EWD598.html	en
EWD599.html	nl
EWD600.html	en
EWD601.html	en
EWD602.html	en
EWD603.html	en
EWD604.html	en
EWD605.html	en
EWD606.html	nl
EWD607.html	en
EWD608.html	en
EWD609.html	nl
EWD611.html	en
EWD612.html	nl
EWD613.html	en
EWD614.html	en
EWD615.html	nl
EWD616.html	nl
EWD617.html	nl
EWD618.html	en
EWD619.html	en
EWD620.html	nl
EWD621.html	nl
EWD622.html	en
EWD623.html	en
EWD624.html	en
EWD625.html	en
EWD626.html	nl
EWD627.html	en
EWD628.html	nl
EWD629.html	en
EWD630.html	en
EWD631.html	en
EWD633.html	en
EWD634.html	en
EWD635.html	en
EWD636.html	en
EWD637.html	en
EWD638.html	en
EWD639.html	en
EWD640.html	en
EWD640a.html	en
EWD641.html	en
EWD642.html	en
EWD643.html	en
EWD644.html	en
EWD646.html	en
EWD647.html	nl
EWD648.html	en
EWD649.html	en
EWD650.html	en
EWD651.html	en
EWD652.html	en
EWD653.html	en
EWD654.html	en
EWD655.html	en
EWD656.html	en
EWD657.html	en
EWD658.html	en
EWD659.html	en
EWD660.html	en
EWD661.html	en
EWD662.html	en
EWD663.html	en
EWD665.html	en
EWD666.html	en
EWD667.html	en
EWD668.html	en
EWD669.html	en
EWD670.html	en
EWD671.html	en
EWD672.html	en
EWD673.html	en
EWD674.html	en
EWD675.html	en
EWD676.html	en
EWD677.html	en
EWD678.html	en
EWD679.html	en
EWD680.html	en
EWD682.html	en
EWD683.html	en
EWD684.html	en
EWD685.html	en
EWD687.html	en
EWD687a.html	en
EWD688.html	en
EWD689.html	en
EWD690.html	en
EWD691.html	en
EWD692.html	en
EWD693.html	en
EWD694.html	en
EWD695.html	en
EWD696.html	en
EWD697.html	en
EWD698.html	en
EWD699.html	nl
EWD700.html	en
EWD701.html	en
EWD702.html	en
EWD703.html	en
EWD704.html	en
EWD705.html	nl
EWD706.html	en
EWD707.html	en
EWD708.html	en
EWD709.html	en
EWD710.html	en
EWD711.html	en
EWD712.html	en
EWD713.html	en
EWD714.html	en
EWD715.html	en
EWD716.html	en
EWD717.html	en
EWD718.html	en
EWD719.html	en
EWD720.html	en
EWD721.html	en
EWD722.html	en
EWD723.html	en
EWD724.html	nl
EWD724E.html	en
EWD725.html	en
EWD726.html	en
EWD727.html	en
EWD728.html	en
EWD729.html	en
EWD730.html	en
EWD731.html	en
EWD732.html	en
EWD733.html	nl
EWD734.html	en
EWD735.html	en
EWD736.html	en
EWD737.html	en
EWD738.html	en
EWD739.html	en
EWD740.html	en
EWD741.html	en
EWD742.html	en
EWD743.html	en
EWD744.html	en
EWD745.html	en
EWD746.html	en
EWD747.html	en
EWD748.html	en
EWD749.html	en
EWD750.html	en
EWD751.html	en
EWD752.html	en
EWD753.html	en
EWD754.html	en
EWD755.html	en
ewd756.html	en
ewd757.html	en
ewd758.html	en
EWD759.html	en
ewd760.html	en
EWD761.html	nl
EWD762.html	en
EWD763.html	en
EWD764.html	en
ewd765.html	en
EWD766.html	en
EWD767.html	en
ewd768.html	en
ewd770.html	en
EWD771.html	en
EWD772.html	en
EWD773.html	en
EWD774.html	en
ewd775.html	en
EWD776.html	en
EWD777.html	en
EWD778.html	en
EWD782.html	en
EWD783.html	en
EWD786.html	en
EWD786a.html	en
EWD787.html	en
EWD788.html	en
EWD790.html	en
EWD791.html	en
EWD793.html	en
EWD796a.html	en
EWD797.html	en
EWD798.html	en
EWD799.html	en
EWD800.html	en
EWD801.html	en
EWD802.html	en
EWD804.html	en
EWD805.html	en
EWD806.html	en
EWD808.html	en
EWD810a.html	en
EWD811.html	en
EWD814.html	en
EWD818.html	en
EWD821.html	en
EWD824.html	en
EWD826.html	en
EWD827.html	en
EWD829.html	nl
EWD831.html	en
EWD832.html	en
EWD833.html	en
EWD837.html	en
EWD838.html	en
EWD839.html	en
EWD841.html	en
EWD847.html	en
EWD850.html	en
EWD852.html	en
EWD854.html	en
EWD855.html	en
EWD856.html	en
EWD857.html	en
EWD858.html	en
EWD862.html	en
EWD864.html	en
EWD864a.html	en
EWD865.html	en
EWD868.html	en
EWD869.html	nl
EWD872.html	en
EWD873.html	en
EWD876.html	nl
EWD877.html	en
EWD878.html	en
EWD879.html	en
EWD881.html	en
EWD885.html	en
EWD887.html	en
EWD888.html	en
EWD889.html	en
EWD892.html	en
EWD893.html	en
EWD895.html	en
EWD896.html	en
EWD898.html	en
EWD903.html	en
EWD904.html	en
EWD906.html	en
EWD907.html	en
EWD909.html	en
EWD911.html	en
EWD913.html	en
EWD917.html	en
EWD918.html	en
EWD920.html	en
EWD921.html	en
EWD923.html	en
EWD923a.html	en
EWD924.html	en
EWD925.html	en
EWD926.html	en
EWD927.html	en
EWD930.html	en
EWD932c.html	en
EWD936.html	en
EWD947.html	en
EWD951.html	en
EWD952.html	en
EWD956.html	en
EWD958.html	en
EWD962.html	en
EWD963.html	en
EWD966.html	en
EWD968.html	en
EWD973.html	en
EWD974.html	en
EWD975.html	en
EWD976.html	en
EWD977.html	en
EWD978.htm	en
EWD979.html	en
EWD980.html	en
EWD981.html	en
EWD983.html	en
EWD987.html	en
EWD987a.html	en
EWD988.html	en
EWD988a.html	en
EWD989.html	en
EWD991.html	en
EWD992.html	en
EWD993.html	en
EWD996.html	en
EWD997.html	en
EWD1000.html	en
EWD1003.html	en
EWD1006.html	en
EWD1008.html	en
EWD1009.html	en
EWD1011.html	en
EWD1012.html	en
EWD1013.html	en
EWD1016.html	en
EWD1018.html	en
EWD1019.html	en
EWD1024.html	en
EWD1026.html	en
EWD1027.html	en
EWD1033.html	en
EWD1036.html	en
EWD1039.html	en
EWD1041.html	en
EWD1041a.html	en
EWD1043.html	en
EWD1044.html	en
EWD1046.html	en
EWD1049.html	en
EWD1050.html	en
EWD1051.html	en
EWD1053.html	en
EWD1054.html	en
EWD1055.html	en
EWD1055A.html	en
EWD1055c.html	en
EWD1056.html	nl
EWD1057.html	en
EWD1058.html	en
EWD1059.html	en
EWD1060.html	en
EWD1066.html	en
EWD1067.html	en
EWD1068.html	en
EWD1069.html	en
EWD1070.html	en
EWD1071.html	en
EWD1071a.html	en
EWD1072.html	en
EWD1073.html	en
EWD1076.html	en
EWD1083.html	en
EWD1085.html	en
EWD1092.html	en
EWD1094.html	en
EWD1095.html	en
EWD1096.html	en
EWD1100.html	en
EWD1101.html	en
EWD1103.html	en
EWD1104.html	en
EWD1105.html	en
EWD1108.html	en
EWD1109.html	en
EWD1110.html	en
EWD1112.html	en
EWD1113.html	en
EWD1117.html	en
EWD1121.html	en
EWD1126.html	en
EWD1129.html	en
EWD1131.html	en
EWD1132.html	en
EWD1134.html	en
EWD1135.html	en
EWD1137.html	en
EWD1140.html	en
EWD1142.html	en
EWD1145.html	en
EWD1151.html	en
EWD1152.html	nl
EWD1155.html	en
EWD1155a.html	en
EWD1156.html	nl
EWD1157.html	en
EWD1161.html	en
EWD1165.html	en
EWD1166.html	en
EWD1170.html	en
EWD1171.html	en
EWD1175.html	en
EWD1177.html	en
EWD1179.html	en
EWD1180.html	en
EWD1181.html	en
EWD1188.html	en
EWD1190.html	en
EWD1193.html	en
EWD1194.html	en
EWD1198.html	en
EWD1199.html	en
EWD1200.html	en
EWD1203.html	en
EWD1204.html	en
EWD1205.html	en
EWD1206.html	en
EWD1207.html	en
EWD1209.html	en
EWD1210.html	en
EWD1212.html	en
EWD1213.html	en
EWD1214.html	en
EWD1215.html	en
EWD1216.html	en
EWD1219.html	en
EWD1220.html	en
EWD1224.html	en
EWD1226.html	en
EWD1227.html	en
EWD1228.html	en
EWD1229.html	en
EWD1231.html	en
EWD1232.html	en
EWD1235.html	nl
EWD1237.html	en
EWD1238.html	en
EWD1239.html	en
EWD1243.html	en
EWD1243a.html	en
EWD1248.html	en
EWD1250.html	en
EWD1252.html	en
EWD1253.html	en
EWD1255.html	en
EWD1256.html	en
EWD1258a.html	en
EWD1260.html	en
EWD1268.html	en
EWD1273.html	en
EWD1277.html	en
EWD1282.html	en
EWD1283.html	en
EWD1284.html	en
EWD1285.html	en
EWD1287.html	en
EWD1288.html	en
EWD1290.html	en
EWD1292.html	en
EWD1297.html	en
EWD1298.html	en
EWD1300.html	en
EWD1301.html	en
EWD1302.html	en
EWD1303.html	en
EWD1304.html	en
EWD1305.html	en
EWD1306.html	en
EWD1306a.html	en
EWD1307.html	en
EWD1308.html	en
EWD1309a.html	en
EWD1310.html	en
EWD1311.html	en
EWD1312.html	en
EWD1313.html	en
EWD1315.html	en
EWD1316.html	en
EWD1317.html	en
EWD1318.html	en
transcriptionStationery.html	en
MR34.html	en
ZW1957-002.html	en
Haskell.html	en
NN033.html	nl
NN034.html	en
NN035.html	nl
NN036.html	nl
NN037.html	nl
NN038.html	en
NN041.html	nl
NN042.html	nl
NN062.html	nl
NN117.html	en
NN130.html	nl
NN158.html	nl
NN188.html	nl
NN215.html	nl
NN231.html	nl
NN247.html	nl
NN252.html	nl
NN282.html	en
index00xx.html	en
index01xx.html	en
index02xx.html	en
index03xx.html	en
index04xx.html	en
index05xx.html	en
index06xx.html	en
index07xx.html	en
index08xx.html	en
index09xx.html	en
index10xx.html	en
index11xx.html	en
index12xx.html	en
index13xx.html	en
indexOtherDocs.html	en
EWD1202.html	en
